product_id,competitor,price,timestamp
PROD-60325,Amazon,1086.05,2024-12-31 15:54:46.299607
PROD-60325,Walmart,1040.91,2025-01-06 10:40:11.440174
PROD-60325,BestBuy,1159.63,2025-01-20 10:11:02.588226
PROD-60325,Newegg,945.16,2025-01-01 12:04:14.531814
PROD-60325,Target,1180.64,2024-12-28 05:17:15.266048
PROD-57870,Amazon,670.27,2025-01-22 23:28:23.667961
PROD-57870,Walmart,525.01,2024-12-27 17:40:10.387437
PROD-57870,BestBuy,514.99,2025-01-05 07:29:04.569036
PROD-57870,Newegg,717.55,2025-01-15 12:02:42.537420
PROD-57870,Target,616.67,2025-01-24 08:18:16.935796
PROD-03866,Amazon,668.35,2025-01-16 23:52:01.020554
PROD-03866,Walmart,742.12,2025-01-18 17:25:29.249303
PROD-03866,BestBuy,860.29,2025-01-15 19:21:46.541708
PROD-03866,Newegg,926.24,2025-01-03 09:40:23.967708
PROD-03866,Target,831.78,2025-01-06 08:05:40.074422
PROD-10842,Amazon,3750.53,2025-01-03 06:13:28.392965
PROD-10842,Walmart,3349.86,2025-01-20 18:18:28.519997
PROD-10842,BestBuy,3901.05,2024-12-31 03:19:32.926954
PROD-10842,Newegg,3626.25,2025-01-11 00:03:14.020481
PROD-10842,Target,3622.94,2025-01-06 10:26:02.509854
PROD-39590,Amazon,1038.92,2024-12-31 02:48:11.139675
PROD-39590,Walmart,1111.84,2024-12-27 18:10:33.373357
PROD-39590,BestBuy,979.52,2025-01-15 12:03:54.014860
PROD-39590,Newegg,1074.98,2025-01-24 16:14:00.716404
PROD-39590,Target,1045.11,2025-01-06 17:56:33.408287
PROD-04371,Amazon,1375.17,2024-12-28 18:08:31.563693
PROD-04371,Walmart,1211.66,2025-01-17 16:14:56.717004
PROD-04371,BestBuy,1549.59,2025-01-24 03:06:52.448739
PROD-04371,Newegg,1089.93,2025-01-21 01:14:03.477565
PROD-04371,Target,1498.72,2025-01-08 15:47:37.711310
PROD-60647,Amazon,3353.03,2025-01-04 08:37:00.581594
PROD-60647,Walmart,3635.82,2024-12-31 06:40:13.118252
PROD-60647,BestBuy,2976.41,2025-01-13 19:35:44.771042
PROD-60647,Newegg,2828.32,2025-01-16 08:41:52.264328
PROD-60647,Target,2896.31,2024-12-29 16:18:21.881449
PROD-10642,Amazon,3420.33,2025-01-06 05:21:25.230148
PROD-10642,Walmart,3478.41,2024-12-31 19:16:50.573976
PROD-10642,BestBuy,3230.96,2025-01-22 17:55:23.533308
PROD-10642,Newegg,2736.01,2025-01-15 18:13:52.975679
PROD-10642,Target,3352.24,2025-01-23 03:51:36.883670
PROD-44500,Amazon,3957.1,2025-01-20 01:59:56.442873
PROD-44500,Walmart,4691.67,2025-01-06 01:18:18.642377
PROD-44500,BestBuy,4594.8,2025-01-12 04:59:28.978523
PROD-44500,Newegg,4061.52,2024-12-27 06:05:21.586563
PROD-44500,Target,3668.37,2025-01-19 11:33:38.914646
PROD-85137,Amazon,563.04,2024-12-30 06:12:49.421935
PROD-85137,Walmart,447.74,2025-01-14 20:12:19.774318
PROD-85137,BestBuy,491.3,2025-01-11 14:07:28.849321
PROD-85137,Newegg,566.67,2025-01-20 06:15:33.855674
PROD-85137,Target,499.6,2025-01-07 18:44:57.181578
PROD-33186,Amazon,2324.68,2024-12-27 04:20:38.426340
PROD-33186,Walmart,3061.14,2025-01-17 05:51:52.296289
PROD-33186,BestBuy,2425.03,2025-01-08 09:25:12.641303
PROD-33186,Newegg,2526.51,2025-01-20 23:22:15.760639
PROD-33186,Target,2450.94,2025-01-19 23:15:17.262187
PROD-86175,Amazon,677.39,2025-01-08 12:49:20.988575
PROD-86175,Walmart,835.91,2025-01-02 12:31:12.911238
PROD-86175,BestBuy,775.06,2025-01-24 03:09:32.894332
PROD-86175,Newegg,840.95,2025-01-21 01:55:26.247149
PROD-86175,Target,917.9,2024-12-26 19:54:21.794142
PROD-21685,Amazon,4407.94,2025-01-09 15:23:22.463489
PROD-21685,Walmart,3669.46,2025-01-09 07:49:24.010810
PROD-21685,BestBuy,4341.96,2025-01-10 13:23:56.027378
PROD-21685,Newegg,4146.52,2025-01-09 20:39:24.930266
PROD-21685,Target,3807.82,2025-01-13 01:33:52.725149
PROD-75092,Amazon,2118.58,2025-01-09 12:53:36.489924
PROD-75092,Walmart,2423.8,2025-01-23 04:06:58.137521
PROD-75092,BestBuy,2073.9,2024-12-27 02:38:04.679217
PROD-75092,Newegg,2824.78,2024-12-30 15:04:06.823510
PROD-75092,Target,2281.55,2025-01-12 12:39:23.253475
PROD-23132,Amazon,1174.6,2025-01-24 17:52:46.968233
PROD-23132,Walmart,1294.57,2025-01-02 06:37:25.977088
PROD-23132,BestBuy,1184.14,2025-01-19 10:38:50.490277
PROD-23132,Newegg,1136.12,2025-01-07 15:51:26.978581
PROD-23132,Target,1335.82,2025-01-01 01:35:22.437759
PROD-47636,Amazon,991.12,2025-01-18 08:48:22.237690
PROD-47636,Walmart,989.4,2025-01-24 15:00:22.351142
PROD-47636,BestBuy,1287.37,2025-01-12 22:27:45.140138
PROD-47636,Newegg,918.92,2025-01-09 09:49:50.362901
PROD-47636,Target,1240.65,2025-01-20 11:03:52.613603
PROD-02751,Amazon,263.44,2025-01-11 10:25:52.959919
PROD-02751,Walmart,302.39,2025-01-14 05:21:02.976244
PROD-02751,BestBuy,348.8,2025-01-22 16:13:08.338102
PROD-02751,Newegg,286.55,2025-01-20 09:10:56.343061
PROD-02751,Target,259.7,2025-01-21 11:25:29.121537
PROD-62653,Amazon,948.0,2025-01-24 06:48:22.273357
PROD-62653,Walmart,1131.79,2025-01-16 08:13:24.870975
PROD-62653,BestBuy,1206.41,2025-01-04 08:54:12.417785
PROD-62653,Newegg,903.78,2025-01-14 19:13:53.948142
PROD-62653,Target,982.59,2025-01-02 16:23:13.506492
PROD-81330,Amazon,2329.01,2025-01-08 02:43:29.182333
PROD-81330,Walmart,2509.22,2025-01-06 19:29:55.318265
PROD-81330,BestBuy,3386.43,2025-01-15 21:41:08.325540
PROD-81330,Newegg,3034.36,2024-12-29 00:50:05.651619
PROD-81330,Target,3220.19,2024-12-30 16:40:14.076079
PROD-78403,Amazon,4110.88,2025-01-03 01:30:11.650837
PROD-78403,Walmart,4099.3,2025-01-21 08:25:58.029359
PROD-78403,BestBuy,3260.5,2025-01-12 11:43:54.140060
PROD-78403,Newegg,3044.04,2025-01-06 15:39:14.104311
PROD-78403,Target,3994.52,2025-01-11 21:59:54.082775
PROD-24513,Amazon,3152.43,2025-01-03 14:04:38.968718
PROD-24513,Walmart,3122.59,2025-01-06 22:04:47.885996
PROD-24513,BestBuy,3100.74,2025-01-06 19:18:07.280173
PROD-24513,Newegg,2997.48,2025-01-04 01:39:30.063650
PROD-24513,Target,3004.4,2025-01-24 23:14:28.118909
PROD-76239,Amazon,2393.99,2025-01-14 03:36:33.557080
PROD-76239,Walmart,2836.56,2025-01-03 23:57:07.818918
PROD-76239,BestBuy,2724.82,2024-12-31 00:55:20.847048
PROD-76239,Newegg,2894.21,2025-01-12 10:52:36.504909
PROD-76239,Target,2401.31,2025-01-11 11:35:44.223334
PROD-79309,Amazon,2069.52,2024-12-27 10:31:21.874881
PROD-79309,Walmart,1902.28,2025-01-03 05:30:11.114283
PROD-79309,BestBuy,2228.48,2024-12-29 06:26:47.052719
PROD-79309,Newegg,2308.48,2025-01-24 00:25:46.660816
PROD-79309,Target,2109.08,2025-01-20 09:26:06.268924
PROD-27901,Amazon,939.39,2025-01-08 21:11:36.779549
PROD-27901,Walmart,1363.0,2025-01-09 06:29:10.144109
PROD-27901,BestBuy,1038.64,2025-01-03 17:00:00.149326
PROD-27901,Newegg,1180.67,2025-01-13 01:38:13.930519
PROD-27901,Target,1201.7,2025-01-03 02:04:57.868651
PROD-68082,Amazon,3125.64,2024-12-30 02:37:50.183965
PROD-68082,Walmart,2985.16,2025-01-15 04:58:35.049993
PROD-68082,BestBuy,2164.97,2024-12-30 04:53:18.514191
PROD-68082,Newegg,2505.38,2024-12-27 22:11:34.354501
PROD-68082,Target,2677.95,2025-01-09 19:50:52.147030
PROD-01322,Amazon,814.56,2025-01-16 07:14:44.571555
PROD-01322,Walmart,867.06,2025-01-08 15:22:13.199106
PROD-01322,BestBuy,901.2,2025-01-06 16:39:24.699458
PROD-01322,Newegg,882.01,2025-01-10 06:26:08.248006
PROD-01322,Target,909.52,2025-01-18 19:49:25.866973
PROD-60502,Amazon,1054.91,2025-01-04 09:26:43.299167
PROD-60502,Walmart,848.46,2024-12-29 13:14:43.017133
PROD-60502,BestBuy,1128.22,2025-01-16 16:45:06.335668
PROD-60502,Newegg,818.66,2025-01-22 02:25:14.361450
PROD-60502,Target,1113.6,2025-01-13 04:14:22.454461
PROD-75769,Amazon,650.79,2025-01-03 21:42:52.597022
PROD-75769,Walmart,591.2,2025-01-21 19:00:18.690420
PROD-75769,BestBuy,581.28,2025-01-09 17:25:12.890804
PROD-75769,Newegg,703.43,2025-01-20 04:44:20.196735
PROD-75769,Target,615.03,2025-01-22 22:58:06.123141
PROD-80470,Amazon,2073.98,2025-01-07 14:32:51.255035
PROD-80470,Walmart,2067.1,2024-12-28 17:44:26.054927
PROD-80470,BestBuy,2255.37,2024-12-27 10:49:49.919223
PROD-80470,Newegg,1934.19,2025-01-10 02:10:13.753258
PROD-80470,Target,1992.6,2024-12-31 14:56:39.624790
PROD-47193,Amazon,1431.19,2025-01-08 17:53:46.321964
PROD-47193,Walmart,1187.05,2025-01-03 01:45:08.418975
PROD-47193,BestBuy,1430.16,2025-01-22 09:44:59.904591
PROD-47193,Newegg,1332.07,2025-01-04 10:48:13.800774
PROD-47193,Target,1553.43,2025-01-04 04:27:15.233321
PROD-14789,Amazon,1060.31,2025-01-09 18:09:14.643685
PROD-14789,Walmart,1243.96,2025-01-08 10:09:54.256000
PROD-14789,BestBuy,1275.27,2025-01-10 01:28:27.345454
PROD-14789,Newegg,989.87,2025-01-23 11:39:32.524226
PROD-14789,Target,1273.41,2025-01-22 16:46:03.771579
PROD-78091,Amazon,2557.81,2025-01-24 05:13:00.992168
PROD-78091,Walmart,2067.28,2025-01-09 15:46:24.451223
PROD-78091,BestBuy,2115.82,2025-01-16 23:43:43.211859
PROD-78091,Newegg,2268.31,2025-01-21 18:52:59.873688
PROD-78091,Target,2669.59,2025-01-09 17:28:46.412187
PROD-94828,Amazon,1370.55,2024-12-29 02:42:15.324917
PROD-94828,Walmart,1277.74,2025-01-23 23:51:07.240136
PROD-94828,BestBuy,1254.95,2025-01-02 07:09:05.224905
PROD-94828,Newegg,1146.1,2025-01-07 17:07:02.565503
PROD-94828,Target,1131.71,2025-01-02 16:57:23.799420
PROD-05880,Amazon,1765.83,2025-01-10 12:14:10.224653
PROD-05880,Walmart,1893.04,2024-12-30 19:41:34.838460
PROD-05880,BestBuy,1893.33,2024-12-30 22:58:43.386295
PROD-05880,Newegg,1817.29,2025-01-06 10:24:50.553465
PROD-05880,Target,1725.74,2025-01-18 20:04:12.442288
PROD-20575,Amazon,1679.79,2025-01-19 00:49:48.595776
PROD-20575,Walmart,1627.5,2025-01-19 10:38:45.006347
PROD-20575,BestBuy,1838.41,2025-01-19 08:26:33.499563
PROD-20575,Newegg,1740.49,2025-01-16 05:51:53.458112
PROD-20575,Target,1618.94,2025-01-15 08:55:16.499697
PROD-17067,Amazon,1783.53,2024-12-31 00:23:23.556922
PROD-17067,Walmart,1930.51,2025-01-17 13:57:44.571743
PROD-17067,BestBuy,1668.41,2024-12-27 13:11:39.433485
PROD-17067,Newegg,2094.7,2025-01-14 00:11:50.559220
PROD-17067,Target,1676.39,2025-01-13 13:37:48.095861
PROD-92017,Amazon,1441.72,2025-01-09 06:40:40.603251
PROD-92017,Walmart,1416.06,2025-01-12 11:12:06.031204
PROD-92017,BestBuy,1533.2,2025-01-03 13:08:28.571935
PROD-92017,Newegg,1431.01,2025-01-21 04:26:37.185366
PROD-92017,Target,1560.32,2025-01-22 05:05:03.658750
PROD-83975,Amazon,3265.37,2025-01-08 23:47:34.955973
PROD-83975,Walmart,3905.87,2024-12-29 04:07:34.702299
PROD-83975,BestBuy,3661.33,2025-01-03 02:44:55.640333
PROD-83975,Newegg,3554.95,2025-01-13 11:28:28.222828
PROD-83975,Target,2825.58,2025-01-09 02:49:31.014609
PROD-29997,Amazon,1922.18,2024-12-26 20:58:45.790862
PROD-29997,Walmart,1887.1,2025-01-17 23:42:05.917250
PROD-29997,BestBuy,1740.7,2025-01-05 11:13:02.059403
PROD-29997,Newegg,1829.38,2025-01-03 23:23:29.690060
PROD-29997,Target,1698.25,2025-01-01 13:43:55.126843
PROD-17801,Amazon,380.73,2025-01-04 02:08:41.162535
PROD-17801,Walmart,349.52,2025-01-15 13:42:48.819214
PROD-17801,BestBuy,394.25,2025-01-04 19:58:59.351913
PROD-17801,Newegg,292.92,2025-01-02 04:33:20.499418
PROD-17801,Target,369.52,2025-01-08 22:05:48.201207
PROD-66716,Amazon,1688.27,2024-12-27 01:19:08.183517
PROD-66716,Walmart,1705.34,2024-12-31 02:37:43.586699
PROD-66716,BestBuy,2333.68,2025-01-10 06:43:02.583760
PROD-66716,Newegg,2393.93,2025-01-05 13:19:48.226459
PROD-66716,Target,2302.4,2025-01-01 05:20:56.962587
PROD-91634,Amazon,2680.48,2025-01-04 14:22:13.710150
PROD-91634,Walmart,2912.61,2025-01-22 22:21:31.123598
PROD-91634,BestBuy,3356.75,2025-01-21 22:48:26.758032
PROD-91634,Newegg,3352.25,2025-01-16 00:25:21.921731
PROD-91634,Target,2727.96,2025-01-13 15:45:08.524608
PROD-93621,Amazon,892.61,2025-01-03 09:38:36.125051
PROD-93621,Walmart,990.89,2025-01-03 16:21:06.173034
PROD-93621,BestBuy,1101.98,2025-01-20 13:00:04.039256
PROD-93621,Newegg,1119.57,2025-01-14 18:37:43.099888
PROD-93621,Target,1078.36,2024-12-30 07:54:31.953448
PROD-83851,Amazon,2851.8,2025-01-01 02:39:39.722667
PROD-83851,Walmart,2418.83,2025-01-01 22:12:29.650229
PROD-83851,BestBuy,2197.49,2024-12-26 19:53:03.893552
PROD-83851,Newegg,2322.49,2025-01-06 09:55:51.153918
PROD-83851,Target,2622.77,2025-01-22 20:58:02.291231
PROD-75265,Amazon,2564.86,2024-12-29 22:43:38.006192
PROD-75265,Walmart,2276.01,2025-01-04 00:03:03.500010
PROD-75265,BestBuy,3052.63,2025-01-02 13:39:20.148133
PROD-75265,Newegg,3202.7,2025-01-13 05:21:09.393796
PROD-75265,Target,2362.45,2025-01-02 10:43:28.323714
PROD-86805,Amazon,3351.59,2025-01-19 17:34:29.104371
PROD-86805,Walmart,3349.83,2025-01-03 05:48:09.342068
PROD-86805,BestBuy,3304.79,2025-01-01 04:16:37.890456
PROD-86805,Newegg,3454.29,2025-01-03 03:23:08.285332
PROD-86805,Target,3071.64,2025-01-13 17:10:20.147285
PROD-67621,Amazon,3277.48,2025-01-21 05:34:40.632329
PROD-67621,Walmart,4296.96,2025-01-07 06:38:42.474494
PROD-67621,BestBuy,4016.2,2024-12-29 23:15:14.905584
PROD-67621,Newegg,4246.66,2025-01-03 18:29:50.650881
PROD-67621,Target,4555.17,2025-01-07 16:27:23.286365
PROD-98323,Amazon,1730.66,2025-01-16 06:12:10.611777
PROD-98323,Walmart,1940.82,2025-01-05 06:35:30.427417
PROD-98323,BestBuy,1803.22,2025-01-01 04:38:14.012120
PROD-98323,Newegg,1938.92,2025-01-21 18:56:42.696492
PROD-98323,Target,2139.19,2024-12-28 19:48:38.886137
PROD-46435,Amazon,1276.38,2025-01-07 02:28:01.416229
PROD-46435,Walmart,1125.68,2025-01-05 06:00:46.863233
PROD-46435,BestBuy,1246.51,2025-01-07 02:01:28.841477
PROD-46435,Newegg,1170.03,2024-12-27 16:45:57.603595
PROD-46435,Target,1359.84,2025-01-01 01:02:52.582422
PROD-40253,Amazon,725.09,2025-01-21 18:43:44.743560
PROD-40253,Walmart,545.6,2025-01-09 07:43:13.724200
PROD-40253,BestBuy,717.51,2025-01-24 08:29:48.401486
PROD-40253,Newegg,710.77,2024-12-26 18:08:10.010551
PROD-40253,Target,545.09,2024-12-29 06:27:29.576451
PROD-14445,Amazon,1621.52,2025-01-07 23:30:44.998240
PROD-14445,Walmart,1783.62,2025-01-16 07:12:14.502181
PROD-14445,BestBuy,1660.26,2025-01-13 19:42:26.446068
PROD-14445,Newegg,1754.98,2024-12-30 11:38:13.571862
PROD-14445,Target,1543.69,2025-01-11 21:41:22.355476
PROD-15930,Amazon,1388.3,2025-01-07 19:29:39.195494
PROD-15930,Walmart,1237.03,2024-12-27 11:23:26.074339
PROD-15930,BestBuy,1598.99,2025-01-14 05:42:36.051580
PROD-15930,Newegg,1436.7,2025-01-08 05:15:06.473999
PROD-15930,Target,1201.52,2025-01-03 00:45:02.622829
PROD-89843,Amazon,2339.41,2025-01-05 22:27:25.675475
PROD-89843,Walmart,2112.79,2025-01-05 12:17:47.516392
PROD-89843,BestBuy,1809.94,2024-12-31 23:39:25.736708
PROD-89843,Newegg,2487.68,2025-01-09 00:12:01.577669
PROD-89843,Target,2411.38,2025-01-23 20:32:24.943661
PROD-34837,Amazon,3866.75,2025-01-14 02:15:42.518239
PROD-34837,Walmart,3123.73,2025-01-02 10:15:38.673912
PROD-34837,BestBuy,3868.67,2025-01-01 17:49:10.609264
PROD-34837,Newegg,3728.76,2025-01-24 23:07:47.814609
PROD-34837,Target,3982.62,2025-01-01 00:27:07.262854
PROD-57552,Amazon,2446.53,2025-01-06 20:52:59.231767
PROD-57552,Walmart,2449.34,2024-12-31 18:44:41.566522
PROD-57552,BestBuy,2309.31,2025-01-23 14:45:07.414268
PROD-57552,Newegg,1954.23,2024-12-28 22:57:29.674925
PROD-57552,Target,2393.74,2025-01-16 10:50:24.156805
PROD-02163,Amazon,2850.58,2025-01-17 13:34:46.109437
PROD-02163,Walmart,2181.94,2025-01-19 22:37:13.330220
PROD-02163,BestBuy,1973.46,2025-01-04 22:01:45.337334
PROD-02163,Newegg,2069.24,2025-01-13 01:49:31.433620
PROD-02163,Target,2658.68,2025-01-11 16:14:03.736861
PROD-22372,Amazon,517.14,2025-01-03 14:34:35.202504
PROD-22372,Walmart,475.35,2025-01-15 09:31:06.807732
PROD-22372,BestBuy,566.8,2025-01-23 12:46:45.373090
PROD-22372,Newegg,556.71,2025-01-04 14:41:59.756569
PROD-22372,Target,466.92,2025-01-06 07:54:06.797695
PROD-14332,Amazon,4391.16,2025-01-09 23:14:16.699999
PROD-14332,Walmart,3172.69,2025-01-07 07:30:55.192054
PROD-14332,BestBuy,3207.1,2025-01-16 23:08:01.566721
PROD-14332,Newegg,4388.97,2025-01-02 02:04:50.116129
PROD-14332,Target,4152.61,2025-01-16 18:52:54.627098
PROD-76922,Amazon,2081.1,2025-01-01 18:39:15.697230
PROD-76922,Walmart,1871.27,2025-01-03 01:03:12.192167
PROD-76922,BestBuy,1869.81,2025-01-10 08:13:48.213544
PROD-76922,Newegg,1796.66,2025-01-24 03:59:37.747598
PROD-76922,Target,2220.95,2025-01-08 10:45:22.678553
PROD-63146,Amazon,2580.85,2025-01-11 23:35:00.080523
PROD-63146,Walmart,2550.03,2024-12-31 18:05:10.005306
PROD-63146,BestBuy,2305.53,2025-01-12 03:10:38.105428
PROD-63146,Newegg,2303.51,2025-01-23 04:45:00.704146
PROD-63146,Target,2841.87,2025-01-24 21:43:25.167687
PROD-31262,Amazon,1227.46,2025-01-20 19:52:00.125967
PROD-31262,Walmart,1277.6,2025-01-22 23:11:17.413730
PROD-31262,BestBuy,990.08,2025-01-22 19:51:28.914491
PROD-31262,Newegg,1164.25,2024-12-31 22:58:26.926546
PROD-31262,Target,1001.16,2025-01-18 10:01:11.714616
PROD-12578,Amazon,3625.45,2025-01-04 16:47:06.653718
PROD-12578,Walmart,3781.34,2024-12-28 11:21:58.600078
PROD-12578,BestBuy,4283.32,2025-01-21 10:25:40.110193
PROD-12578,Newegg,4296.6,2024-12-30 15:15:58.972214
PROD-12578,Target,4432.57,2025-01-01 07:54:01.077578
PROD-93906,Amazon,1467.56,2025-01-02 07:57:44.518426
PROD-93906,Walmart,1457.33,2025-01-18 19:42:35.093012
PROD-93906,BestBuy,1596.53,2025-01-11 06:18:17.551245
PROD-93906,Newegg,1295.24,2024-12-29 10:53:07.769766
PROD-93906,Target,1552.35,2025-01-16 00:12:45.755422
PROD-00897,Amazon,2708.4,2025-01-18 02:12:24.302848
PROD-00897,Walmart,2216.39,2025-01-20 16:30:34.149611
PROD-00897,BestBuy,2745.03,2025-01-08 23:08:55.778744
PROD-00897,Newegg,2693.08,2024-12-31 12:17:03.127327
PROD-00897,Target,2766.29,2025-01-05 18:08:53.036725
PROD-73163,Amazon,4096.55,2024-12-26 16:34:59.446410
PROD-73163,Walmart,3937.03,2025-01-03 15:43:33.148993
PROD-73163,BestBuy,3337.03,2025-01-03 11:58:30.383305
PROD-73163,Newegg,4201.26,2024-12-26 21:51:47.807540
PROD-73163,Target,4101.09,2024-12-31 13:26:25.530040
PROD-58119,Amazon,2353.58,2025-01-12 08:42:38.673915
PROD-58119,Walmart,2146.31,2025-01-20 09:43:58.421909
PROD-58119,BestBuy,2807.24,2025-01-24 15:14:34.488558
PROD-58119,Newegg,2216.93,2025-01-07 14:02:13.065080
PROD-58119,Target,3026.02,2025-01-14 04:46:53.445503
PROD-20560,Amazon,1399.25,2024-12-26 13:13:32.325688
PROD-20560,Walmart,1545.91,2025-01-07 22:29:46.925166
PROD-20560,BestBuy,1330.87,2025-01-06 18:48:30.114767
PROD-20560,Newegg,1374.8,2024-12-27 02:36:50.102474
PROD-20560,Target,1480.21,2025-01-13 12:47:09.366183
PROD-55971,Amazon,1926.29,2025-01-23 09:04:48.823377
PROD-55971,Walmart,1972.7,2025-01-16 17:13:52.457938
PROD-55971,BestBuy,2181.99,2025-01-09 18:54:55.859243
PROD-55971,Newegg,2206.74,2024-12-26 20:58:04.319631
PROD-55971,Target,2123.24,2025-01-10 16:13:09.778830
PROD-23706,Amazon,352.82,2025-01-24 07:53:04.800051
PROD-23706,Walmart,386.32,2025-01-13 02:07:00.566157
PROD-23706,BestBuy,300.21,2025-01-17 16:38:01.901365
PROD-23706,Newegg,352.95,2025-01-18 16:00:51.828966
PROD-23706,Target,367.4,2025-01-19 20:42:53.075004
PROD-97224,Amazon,949.27,2025-01-09 21:42:41.288458
PROD-97224,Walmart,1074.74,2024-12-27 04:53:39.453828
PROD-97224,BestBuy,964.86,2024-12-31 04:55:05.079177
PROD-97224,Newegg,1277.43,2025-01-10 19:34:04.318706
PROD-97224,Target,1016.56,2025-01-19 14:43:22.764554
PROD-66479,Amazon,833.2,2025-01-20 06:10:48.624978
PROD-66479,Walmart,886.73,2024-12-27 23:21:35.358695
PROD-66479,BestBuy,1000.84,2024-12-27 21:39:18.444729
PROD-66479,Newegg,816.93,2025-01-21 14:41:19.058123
PROD-66479,Target,907.2,2025-01-03 00:25:14.146419
PROD-62267,Amazon,882.77,2025-01-05 23:54:39.022647
PROD-62267,Walmart,973.46,2025-01-23 21:04:48.915684
PROD-62267,BestBuy,770.27,2025-01-24 22:36:08.038843
PROD-62267,Newegg,876.66,2025-01-08 13:01:54.881665
PROD-62267,Target,869.57,2025-01-19 12:46:48.003170
PROD-42491,Amazon,3225.58,2025-01-09 18:06:16.218221
PROD-42491,Walmart,3198.95,2025-01-16 06:09:08.939972
PROD-42491,BestBuy,3354.61,2024-12-30 19:00:05.808748
PROD-42491,Newegg,2541.83,2024-12-31 18:58:17.088248
PROD-42491,Target,2836.46,2025-01-22 04:52:33.424171
PROD-33956,Amazon,1110.21,2025-01-05 02:02:27.157649
PROD-33956,Walmart,803.81,2025-01-13 07:19:07.001209
PROD-33956,BestBuy,869.05,2025-01-24 08:54:20.747931
PROD-33956,Newegg,1159.5,2025-01-13 11:10:39.385820
PROD-33956,Target,815.26,2025-01-22 14:42:01.299826
PROD-34997,Amazon,637.11,2025-01-25 04:47:10.385365
PROD-34997,Walmart,684.32,2025-01-05 06:04:57.539149
PROD-34997,BestBuy,614.19,2025-01-19 21:53:07.966869
PROD-34997,Newegg,727.99,2025-01-23 02:55:19.258773
PROD-34997,Target,618.45,2025-01-10 20:40:00.315332
PROD-98567,Amazon,1535.75,2025-01-01 16:33:39.267542
PROD-98567,Walmart,1440.42,2025-01-02 11:07:15.762687
PROD-98567,BestBuy,1243.77,2025-01-18 07:44:53.650193
PROD-98567,Newegg,1490.71,2025-01-22 14:21:01.572323
PROD-98567,Target,1247.18,2025-01-14 03:00:28.397380
PROD-35742,Amazon,1219.78,2025-01-20 02:51:15.340517
PROD-35742,Walmart,1154.42,2025-01-19 18:05:17.303164
PROD-35742,BestBuy,1135.34,2024-12-29 22:18:13.619924
PROD-35742,Newegg,1130.39,2025-01-16 16:45:49.086573
PROD-35742,Target,873.36,2025-01-09 05:25:02.484452
PROD-32197,Amazon,1268.96,2025-01-22 17:09:08.721701
PROD-32197,Walmart,1311.3,2025-01-03 01:09:46.453282
PROD-32197,BestBuy,1041.98,2025-01-15 06:15:24.425572
PROD-32197,Newegg,1040.69,2025-01-06 16:26:18.268816
PROD-32197,Target,984.43,2025-01-14 16:42:22.853206
PROD-73574,Amazon,872.02,2025-01-19 02:14:59.924045
PROD-73574,Walmart,1079.32,2025-01-05 18:37:51.350948
PROD-73574,BestBuy,969.53,2024-12-27 20:21:25.862151
PROD-73574,Newegg,949.46,2025-01-17 08:25:59.142000
PROD-73574,Target,1037.22,2024-12-29 06:02:40.092879
PROD-35239,Amazon,1967.11,2025-01-22 18:13:20.566585
PROD-35239,Walmart,1710.0,2025-01-14 13:44:56.166804
PROD-35239,BestBuy,1659.87,2025-01-10 18:58:48.010077
PROD-35239,Newegg,1869.2,2024-12-31 23:55:15.991240
PROD-35239,Target,1912.52,2025-01-06 12:06:30.861638
PROD-90615,Amazon,2641.34,2025-01-15 16:43:41.676374
PROD-90615,Walmart,2533.56,2025-01-05 09:19:23.381172
PROD-90615,BestBuy,2569.83,2025-01-06 18:00:29.709255
PROD-90615,Newegg,2398.02,2025-01-09 07:16:15.688062
PROD-90615,Target,2755.22,2025-01-16 10:53:26.614401
PROD-30943,Amazon,4098.04,2024-12-29 09:46:04.367471
PROD-30943,Walmart,3313.18,2025-01-07 20:11:28.952915
PROD-30943,BestBuy,3272.64,2025-01-06 03:30:33.236076
PROD-30943,Newegg,4150.53,2024-12-27 05:05:25.707939
PROD-30943,Target,3403.15,2025-01-22 09:04:14.392268
PROD-23424,Amazon,389.49,2025-01-06 21:29:12.225768
PROD-23424,Walmart,381.8,2025-01-09 11:10:02.819310
PROD-23424,BestBuy,451.01,2025-01-10 09:19:52.967003
PROD-23424,Newegg,435.49,2025-01-20 21:12:27.898992
PROD-23424,Target,334.27,2024-12-28 04:20:46.813906
PROD-90355,Amazon,2116.13,2024-12-27 10:01:43.448190
PROD-90355,Walmart,1715.94,2025-01-16 12:06:39.233278
PROD-90355,BestBuy,2337.37,2025-01-07 20:31:07.922787
PROD-90355,Newegg,2231.72,2025-01-13 01:19:49.872101
PROD-90355,Target,2273.78,2025-01-18 17:17:41.717282
PROD-34264,Amazon,1979.85,2025-01-02 03:42:57.379076
PROD-34264,Walmart,1799.75,2025-01-12 03:25:19.902588
PROD-34264,BestBuy,1613.43,2025-01-02 07:35:11.273118
PROD-34264,Newegg,1741.16,2025-01-10 09:53:05.601147
PROD-34264,Target,2007.52,2024-12-31 13:23:07.383517
PROD-75942,Amazon,1918.94,2025-01-15 22:48:05.048343
PROD-75942,Walmart,1906.31,2025-01-06 14:28:27.779574
PROD-75942,BestBuy,2250.9,2025-01-09 03:03:06.688332
PROD-75942,Newegg,2118.14,2025-01-10 23:00:32.948757
PROD-75942,Target,2099.07,2024-12-27 11:10:12.836946
PROD-13161,Amazon,774.15,2024-12-29 18:33:13.945822
PROD-13161,Walmart,884.68,2025-01-23 13:56:31.921670
PROD-13161,BestBuy,882.64,2025-01-14 00:29:12.042400
PROD-13161,Newegg,732.27,2024-12-31 04:24:53.345451
PROD-13161,Target,915.59,2025-01-07 12:23:01.270469
PROD-80869,Amazon,553.52,2025-01-23 14:15:21.065461
PROD-80869,Walmart,621.5,2025-01-05 21:36:37.245162
PROD-80869,BestBuy,631.19,2025-01-13 15:47:31.945731
PROD-80869,Newegg,518.38,2025-01-03 05:25:09.035295
PROD-80869,Target,495.24,2025-01-12 16:18:42.606822
PROD-46948,Amazon,2689.0,2025-01-03 01:10:00.323717
PROD-46948,Walmart,2436.49,2024-12-30 05:04:17.731696
PROD-46948,BestBuy,2303.61,2025-01-15 03:31:10.455992
PROD-46948,Newegg,2470.1,2025-01-18 19:00:08.939765
PROD-46948,Target,2727.05,2025-01-14 10:45:28.003326
PROD-25178,Amazon,2415.8,2025-01-03 07:34:15.090071
PROD-25178,Walmart,1942.0,2024-12-27 02:50:23.130763
PROD-25178,BestBuy,2110.05,2025-01-10 11:21:43.556275
PROD-25178,Newegg,2479.81,2025-01-03 07:15:35.688442
PROD-25178,Target,1830.32,2025-01-09 22:52:22.696370
PROD-37726,Amazon,2721.16,2025-01-20 07:22:55.527459
PROD-37726,Walmart,3363.19,2025-01-20 19:06:06.086664
PROD-37726,BestBuy,2747.6,2024-12-29 19:45:07.830075
PROD-37726,Newegg,3153.02,2025-01-25 04:29:56.519442
PROD-37726,Target,3027.69,2025-01-18 20:16:42.249934
PROD-03818,Amazon,1060.13,2025-01-25 00:53:30.264880
PROD-03818,Walmart,984.66,2025-01-08 16:41:19.117273
PROD-03818,BestBuy,777.8,2024-12-29 19:31:55.585543
PROD-03818,Newegg,933.85,2025-01-18 00:31:21.848085
PROD-03818,Target,1057.16,2025-01-10 01:12:07.827922
PROD-20076,Amazon,1701.94,2025-01-07 00:29:19.360383
PROD-20076,Walmart,1737.95,2025-01-08 23:25:43.811092
PROD-20076,BestBuy,1612.16,2025-01-22 17:52:13.506351
PROD-20076,Newegg,1671.16,2025-01-07 13:51:30.539292
PROD-20076,Target,1542.32,2025-01-13 01:03:46.317070
PROD-74031,Amazon,2634.95,2025-01-08 00:52:57.626506
PROD-74031,Walmart,2883.41,2024-12-28 22:30:41.865210
PROD-74031,BestBuy,3269.18,2025-01-16 09:13:32.753583
PROD-74031,Newegg,2741.0,2025-01-15 09:41:22.903476
PROD-74031,Target,3284.94,2025-01-05 23:54:19.163295
PROD-56059,Amazon,1852.57,2025-01-11 01:37:02.904183
PROD-56059,Walmart,1645.04,2025-01-19 04:04:55.658527
PROD-56059,BestBuy,1497.85,2025-01-18 22:33:05.614854
PROD-56059,Newegg,1540.52,2024-12-28 16:15:13.221585
PROD-56059,Target,1393.2,2025-01-22 04:45:56.687846
PROD-64950,Amazon,1790.07,2025-01-07 10:07:17.641665
PROD-64950,Walmart,1480.18,2024-12-27 01:02:49.712365
PROD-64950,BestBuy,1622.49,2024-12-28 15:05:42.852882
PROD-64950,Newegg,1660.62,2024-12-26 14:06:57.267498
PROD-64950,Target,1336.11,2025-01-07 20:55:14.421325
PROD-39563,Amazon,437.87,2025-01-23 15:36:21.745939
PROD-39563,Walmart,325.13,2025-01-06 21:12:39.309274
PROD-39563,BestBuy,332.71,2025-01-18 10:01:54.065799
PROD-39563,Newegg,307.39,2024-12-30 11:55:03.409688
PROD-39563,Target,362.17,2025-01-23 02:23:50.571182
PROD-80473,Amazon,2017.69,2025-01-04 05:26:01.770301
PROD-80473,Walmart,1971.42,2024-12-27 21:04:42.689511
PROD-80473,BestBuy,2694.49,2025-01-09 17:16:27.390632
PROD-80473,Newegg,2630.72,2025-01-01 23:20:17.479839
PROD-80473,Target,2053.8,2025-01-16 18:44:42.938002
PROD-01288,Amazon,1262.66,2025-01-16 07:27:19.390177
PROD-01288,Walmart,996.35,2024-12-27 15:21:07.455422
PROD-01288,BestBuy,1231.08,2025-01-02 02:01:06.294142
PROD-01288,Newegg,1235.8,2025-01-21 20:19:31.507604
PROD-01288,Target,1209.43,2025-01-13 08:21:16.010731
PROD-19080,Amazon,3282.8,2025-01-19 16:46:33.205304
PROD-19080,Walmart,3823.48,2025-01-14 04:33:20.872738
PROD-19080,BestBuy,3118.76,2025-01-21 23:02:01.356574
PROD-19080,Newegg,3396.82,2024-12-27 20:44:03.432413
PROD-19080,Target,3474.52,2025-01-10 19:00:31.595700
PROD-98086,Amazon,2691.39,2025-01-19 02:15:11.688618
PROD-98086,Walmart,3005.71,2025-01-18 05:24:08.227539
PROD-98086,BestBuy,2769.94,2025-01-17 04:40:42.750597
PROD-98086,Newegg,3020.85,2025-01-24 09:16:06.210728
PROD-98086,Target,2427.49,2025-01-08 03:09:59.338219
PROD-18810,Amazon,2671.55,2024-12-27 12:30:24.335017
PROD-18810,Walmart,2896.11,2025-01-23 13:57:23.586388
PROD-18810,BestBuy,3082.22,2024-12-27 21:26:40.575594
PROD-18810,Newegg,2586.84,2025-01-16 05:19:39.628850
PROD-18810,Target,2618.64,2025-01-08 00:43:58.939926
PROD-74204,Amazon,2898.69,2025-01-22 04:36:28.687580
PROD-74204,Walmart,3267.29,2025-01-08 05:20:58.760217
PROD-74204,BestBuy,3081.5,2025-01-09 23:44:57.098332
PROD-74204,Newegg,2948.43,2024-12-29 00:38:23.178078
PROD-74204,Target,2865.76,2025-01-08 21:54:50.699984
PROD-77289,Amazon,2110.78,2025-01-13 11:48:55.715875
PROD-77289,Walmart,1761.13,2025-01-22 17:03:04.106562
PROD-77289,BestBuy,1608.04,2025-01-07 07:14:05.962921
PROD-77289,Newegg,1919.23,2025-01-19 17:04:55.358680
PROD-77289,Target,2319.29,2025-01-16 03:07:44.029069
PROD-78542,Amazon,2048.5,2025-01-14 02:19:19.516289
PROD-78542,Walmart,1866.81,2025-01-20 14:08:01.844489
PROD-78542,BestBuy,1996.62,2025-01-05 03:21:52.927661
PROD-78542,Newegg,2289.88,2025-01-24 08:42:39.066862
PROD-78542,Target,1919.76,2025-01-24 20:15:39.029326
PROD-84376,Amazon,1020.91,2025-01-03 23:44:00.457927
PROD-84376,Walmart,958.32,2025-01-03 14:19:39.203747
PROD-84376,BestBuy,1043.3,2025-01-04 14:42:30.870603
PROD-84376,Newegg,1222.79,2025-01-12 21:14:19.098434
PROD-84376,Target,1247.08,2024-12-30 18:57:31.523059
PROD-70553,Amazon,3561.74,2025-01-24 19:57:58.568069
PROD-70553,Walmart,2984.0,2025-01-21 08:18:50.229394
PROD-70553,BestBuy,3107.73,2025-01-14 02:12:55.245130
PROD-70553,Newegg,3550.79,2024-12-29 07:46:56.872535
PROD-70553,Target,2467.28,2025-01-02 01:53:44.609852
PROD-50807,Amazon,2680.38,2025-01-05 17:46:21.977617
PROD-50807,Walmart,2406.32,2025-01-01 13:11:53.365409
PROD-50807,BestBuy,2582.48,2025-01-08 07:34:54.799830
PROD-50807,Newegg,2743.66,2025-01-16 09:53:11.646559
PROD-50807,Target,2184.55,2024-12-31 00:27:39.491693
PROD-64369,Amazon,299.62,2025-01-06 09:57:55.296155
PROD-64369,Walmart,295.55,2025-01-08 06:17:52.148530
PROD-64369,BestBuy,364.51,2025-01-15 22:37:53.583789
PROD-64369,Newegg,288.12,2025-01-03 17:17:33.410448
PROD-64369,Target,334.28,2024-12-26 19:07:47.312573
PROD-73039,Amazon,717.22,2024-12-27 03:12:31.557690
PROD-73039,Walmart,654.91,2025-01-13 02:18:59.673283
PROD-73039,BestBuy,814.21,2025-01-13 21:46:32.999481
PROD-73039,Newegg,800.16,2025-01-08 20:39:14.072751
PROD-73039,Target,871.39,2024-12-26 12:01:21.536988
PROD-90602,Amazon,2061.51,2025-01-17 05:07:35.163060
PROD-90602,Walmart,2084.74,2024-12-27 22:27:13.967846
PROD-90602,BestBuy,1851.32,2025-01-04 12:27:28.468923
PROD-90602,Newegg,1859.6,2024-12-31 06:20:08.389694
PROD-90602,Target,2410.88,2024-12-28 02:07:39.118887
PROD-09145,Amazon,818.48,2024-12-28 07:01:29.185122
PROD-09145,Walmart,778.94,2025-01-08 19:04:00.880132
PROD-09145,BestBuy,708.23,2025-01-20 22:31:43.272547
PROD-09145,Newegg,724.94,2025-01-05 04:54:36.468044
PROD-09145,Target,906.13,2025-01-17 09:37:56.822101
PROD-07098,Amazon,481.76,2025-01-14 02:03:35.555717
PROD-07098,Walmart,559.21,2025-01-09 02:14:22.737669
PROD-07098,BestBuy,579.33,2025-01-05 03:14:02.824493
PROD-07098,Newegg,473.58,2025-01-09 11:12:18.867514
PROD-07098,Target,434.09,2025-01-22 12:33:23.749758
PROD-56774,Amazon,1480.46,2025-01-07 04:18:54.509598
PROD-56774,Walmart,1320.98,2025-01-10 03:21:22.890318
PROD-56774,BestBuy,1364.15,2024-12-29 15:58:16.443092
PROD-56774,Newegg,1285.84,2025-01-07 21:01:21.341471
PROD-56774,Target,1033.09,2025-01-22 21:30:30.977894
PROD-30441,Amazon,873.24,2024-12-31 06:01:53.489784
PROD-30441,Walmart,1058.7,2025-01-15 22:23:39.501961
PROD-30441,BestBuy,972.34,2025-01-14 05:34:30.461761
PROD-30441,Newegg,844.5,2024-12-30 08:54:09.578048
PROD-30441,Target,908.36,2025-01-11 22:00:51.224227
PROD-41035,Amazon,2400.14,2025-01-14 09:41:12.794390
PROD-41035,Walmart,2328.05,2025-01-04 12:24:20.353593
PROD-41035,BestBuy,2916.55,2025-01-10 12:06:02.742668
PROD-41035,Newegg,2356.69,2025-01-09 07:49:23.595726
PROD-41035,Target,2984.09,2025-01-15 19:39:23.159999
PROD-72959,Amazon,3518.9,2025-01-12 19:01:39.853360
PROD-72959,Walmart,3633.68,2025-01-16 23:31:49.255637
PROD-72959,BestBuy,4621.21,2025-01-09 19:02:13.055195
PROD-72959,Newegg,3762.4,2025-01-09 09:30:34.055251
PROD-72959,Target,4184.33,2025-01-20 04:58:17.603570
PROD-50346,Amazon,1263.83,2025-01-20 22:21:26.885312
PROD-50346,Walmart,1185.11,2025-01-05 19:58:48.751304
PROD-50346,BestBuy,1328.24,2025-01-18 15:50:46.562101
PROD-50346,Newegg,1094.7,2025-01-20 13:52:15.083646
PROD-50346,Target,1115.14,2025-01-11 03:47:23.426450
PROD-92266,Amazon,1274.58,2025-01-11 22:32:11.295898
PROD-92266,Walmart,1224.64,2024-12-28 11:58:36.105613
PROD-92266,BestBuy,1600.6,2025-01-11 14:34:47.932958
PROD-92266,Newegg,1340.36,2025-01-19 18:31:43.321765
PROD-92266,Target,1230.49,2025-01-17 07:07:19.412940
PROD-34219,Amazon,1342.62,2025-01-11 01:23:23.723203
PROD-34219,Walmart,1462.93,2024-12-30 20:46:38.963212
PROD-34219,BestBuy,1210.98,2025-01-03 12:59:47.636605
PROD-34219,Newegg,1240.37,2025-01-22 10:08:47.707632
PROD-34219,Target,1180.86,2025-01-12 15:20:09.113611
PROD-06756,Amazon,1350.55,2025-01-16 09:29:34.337373
PROD-06756,Walmart,1264.5,2024-12-31 20:06:33.066729
PROD-06756,BestBuy,1341.84,2024-12-27 01:06:07.826700
PROD-06756,Newegg,1173.24,2024-12-29 18:42:25.954589
PROD-06756,Target,1340.68,2025-01-06 01:14:35.972573
PROD-54110,Amazon,1074.66,2025-01-09 07:06:14.895128
PROD-54110,Walmart,977.49,2025-01-05 04:09:17.885217
PROD-54110,BestBuy,1102.61,2025-01-05 18:57:33.681193
PROD-54110,Newegg,1064.92,2025-01-04 05:25:38.610021
PROD-54110,Target,1116.22,2025-01-06 14:10:06.320995
PROD-15358,Amazon,3839.18,2025-01-20 03:32:16.282784
PROD-15358,Walmart,2804.56,2024-12-28 21:02:15.324753
PROD-15358,BestBuy,3459.14,2025-01-19 16:48:16.094314
PROD-15358,Newegg,3552.61,2025-01-14 13:40:36.835990
PROD-15358,Target,3662.77,2024-12-31 17:01:24.195187
PROD-06504,Amazon,1775.07,2025-01-25 05:17:56.056692
PROD-06504,Walmart,1969.12,2025-01-22 10:22:18.207137
PROD-06504,BestBuy,2027.02,2025-01-13 21:57:13.820869
PROD-06504,Newegg,2273.29,2025-01-14 12:33:49.236969
PROD-06504,Target,2328.03,2025-01-13 00:10:48.543281
PROD-83655,Amazon,543.52,2025-01-24 17:17:03.644171
PROD-83655,Walmart,497.63,2025-01-24 19:40:50.722143
PROD-83655,BestBuy,434.28,2025-01-01 16:28:41.009265
PROD-83655,Newegg,580.43,2024-12-31 10:06:02.500552
PROD-83655,Target,489.04,2024-12-26 15:27:57.871380
PROD-02401,Amazon,3065.42,2025-01-15 10:48:27.711728
PROD-02401,Walmart,3107.82,2024-12-27 13:33:46.380636
PROD-02401,BestBuy,2526.35,2025-01-09 05:52:00.234801
PROD-02401,Newegg,2568.44,2025-01-08 15:48:30.066434
PROD-02401,Target,2886.8,2025-01-03 22:23:13.586100
PROD-36728,Amazon,527.56,2025-01-14 10:18:22.933294
PROD-36728,Walmart,464.69,2025-01-11 20:10:16.539893
PROD-36728,BestBuy,386.93,2025-01-06 15:52:47.279848
PROD-36728,Newegg,539.83,2025-01-01 22:33:03.707650
PROD-36728,Target,442.05,2025-01-18 07:21:54.542273
PROD-45487,Amazon,3390.53,2025-01-08 22:05:33.405914
PROD-45487,Walmart,3635.11,2025-01-23 14:19:21.374098
PROD-45487,BestBuy,4258.02,2025-01-03 14:44:29.524107
PROD-45487,Newegg,4532.34,2025-01-15 02:10:58.705292
PROD-45487,Target,3436.29,2025-01-20 15:18:16.443793
PROD-72833,Amazon,2665.88,2025-01-10 19:46:31.724946
PROD-72833,Walmart,2562.01,2025-01-12 16:42:09.205197
PROD-72833,BestBuy,3004.09,2025-01-07 02:22:20.124547
PROD-72833,Newegg,2799.12,2025-01-09 05:58:10.162433
PROD-72833,Target,2788.64,2025-01-13 05:19:16.200599
PROD-44122,Amazon,1375.99,2025-01-01 11:23:05.799134
PROD-44122,Walmart,1359.41,2025-01-07 07:35:01.750802
PROD-44122,BestBuy,1593.4,2025-01-24 02:27:49.934038
PROD-44122,Newegg,1498.69,2025-01-12 15:08:02.879532
PROD-44122,Target,1250.71,2025-01-18 20:30:43.004479
PROD-90849,Amazon,1002.2,2024-12-29 04:39:28.464501
PROD-90849,Walmart,1134.82,2025-01-14 10:44:41.891187
PROD-90849,BestBuy,966.63,2024-12-27 19:55:08.709319
PROD-90849,Newegg,1230.31,2025-01-14 19:28:30.954971
PROD-90849,Target,952.14,2025-01-10 04:13:54.505195
PROD-44586,Amazon,1204.28,2024-12-29 04:15:50.895001
PROD-44586,Walmart,1262.56,2025-01-06 21:54:13.304715
PROD-44586,BestBuy,1075.89,2025-01-10 21:34:43.982667
PROD-44586,Newegg,1099.71,2025-01-03 03:50:22.599169
PROD-44586,Target,1055.18,2025-01-14 05:49:56.632806
PROD-06641,Amazon,1378.48,2025-01-05 22:43:22.814829
PROD-06641,Walmart,1400.01,2024-12-26 13:40:43.872871
PROD-06641,BestBuy,1767.59,2025-01-04 09:23:11.544360
PROD-06641,Newegg,1526.71,2025-01-25 08:07:58.330709
PROD-06641,Target,1471.25,2025-01-19 14:28:02.244948
PROD-36879,Amazon,757.98,2025-01-06 09:30:12.906606
PROD-36879,Walmart,694.15,2024-12-31 07:40:32.761945
PROD-36879,BestBuy,768.73,2024-12-26 13:40:59.977589
PROD-36879,Newegg,708.09,2025-01-17 04:32:17.649161
PROD-36879,Target,709.9,2025-01-15 07:33:26.208592
PROD-93561,Amazon,3255.68,2025-01-16 22:21:53.830945
PROD-93561,Walmart,2417.17,2025-01-13 16:22:26.256476
PROD-93561,BestBuy,2529.65,2025-01-04 06:00:47.015132
PROD-93561,Newegg,2233.63,2025-01-21 22:36:45.926415
PROD-93561,Target,2589.48,2025-01-14 14:55:04.103443
PROD-63302,Amazon,1644.51,2025-01-10 22:58:32.309693
PROD-63302,Walmart,1581.53,2024-12-28 16:40:57.677783
PROD-63302,BestBuy,2022.85,2025-01-18 15:57:12.983960
PROD-63302,Newegg,1562.16,2025-01-25 06:56:37.459382
PROD-63302,Target,1891.73,2025-01-24 10:19:30.349117
PROD-90075,Amazon,2301.41,2025-01-09 07:45:50.891482
PROD-90075,Walmart,2704.47,2025-01-08 14:05:01.555827
PROD-90075,BestBuy,2640.71,2025-01-02 02:06:36.422168
PROD-90075,Newegg,2638.57,2025-01-17 12:24:59.881131
PROD-90075,Target,2275.39,2025-01-01 04:29:37.803850
PROD-25351,Amazon,4578.01,2024-12-28 20:26:56.907970
PROD-25351,Walmart,3825.72,2025-01-08 10:57:36.371447
PROD-25351,BestBuy,3337.13,2025-01-17 17:02:43.954986
PROD-25351,Newegg,4657.09,2025-01-01 06:21:30.805446
PROD-25351,Target,3645.97,2025-01-12 10:04:04.216738
PROD-88632,Amazon,3528.83,2025-01-14 22:48:11.020761
PROD-88632,Walmart,2952.31,2024-12-31 07:50:46.421148
PROD-88632,BestBuy,3843.1,2024-12-28 11:13:00.993159
PROD-88632,Newegg,2797.3,2025-01-15 07:51:22.907592
PROD-88632,Target,3249.78,2025-01-14 08:26:57.921629
PROD-12946,Amazon,2652.65,2025-01-09 07:30:44.562401
PROD-12946,Walmart,2522.43,2025-01-03 20:57:37.965681
PROD-12946,BestBuy,1881.59,2025-01-18 01:03:17.053619
PROD-12946,Newegg,2402.71,2025-01-15 20:43:47.937139
PROD-12946,Target,1884.36,2025-01-02 10:27:59.850975
PROD-25521,Amazon,1416.85,2025-01-10 09:38:32.573219
PROD-25521,Walmart,1519.43,2025-01-04 23:12:28.643568
PROD-25521,BestBuy,1481.16,2025-01-17 17:55:26.361444
PROD-25521,Newegg,1257.76,2024-12-31 07:25:57.735760
PROD-25521,Target,1707.33,2025-01-21 00:13:51.943549
PROD-83148,Amazon,2273.18,2024-12-31 14:05:48.059366
PROD-83148,Walmart,2014.21,2025-01-05 07:33:03.300545
PROD-83148,BestBuy,2064.96,2025-01-05 20:55:55.108878
PROD-83148,Newegg,1825.87,2025-01-25 01:30:34.634398
PROD-83148,Target,2164.67,2025-01-20 05:52:00.215522
PROD-83265,Amazon,885.62,2025-01-05 01:14:11.851124
PROD-83265,Walmart,804.15,2025-01-22 19:04:35.832539
PROD-83265,BestBuy,819.26,2024-12-31 04:31:22.917832
PROD-83265,Newegg,979.37,2024-12-31 07:12:35.206765
PROD-83265,Target,920.86,2025-01-20 22:36:44.146888
PROD-63283,Amazon,2730.35,2025-01-23 18:43:37.230868
PROD-63283,Walmart,2742.22,2025-01-16 13:40:42.785717
PROD-63283,BestBuy,2467.54,2025-01-20 07:15:56.261202
PROD-63283,Newegg,2803.19,2025-01-04 04:11:04.064818
PROD-63283,Target,2078.31,2025-01-24 14:48:24.065499
PROD-60094,Amazon,1064.1,2025-01-23 17:36:18.179022
PROD-60094,Walmart,1382.84,2025-01-03 15:31:13.519101
PROD-60094,BestBuy,1289.35,2025-01-04 21:09:38.897775
PROD-60094,Newegg,1345.72,2025-01-03 19:35:07.573217
PROD-60094,Target,1287.12,2025-01-02 09:30:09.512623
PROD-42767,Amazon,1724.62,2025-01-25 06:54:17.490653
PROD-42767,Walmart,1574.42,2025-01-18 21:59:37.138504
PROD-42767,BestBuy,1342.14,2025-01-21 08:30:41.304111
PROD-42767,Newegg,1343.39,2025-01-09 14:12:51.130383
PROD-42767,Target,1678.33,2025-01-23 17:57:36.194353
PROD-07530,Amazon,680.88,2025-01-09 07:24:04.002080
PROD-07530,Walmart,680.7,2025-01-13 03:34:51.310723
PROD-07530,BestBuy,805.94,2024-12-30 19:48:21.363173
PROD-07530,Newegg,706.46,2025-01-05 17:27:51.058528
PROD-07530,Target,876.04,2025-01-11 03:13:24.955924
PROD-87186,Amazon,410.26,2025-01-17 02:38:32.438826
PROD-87186,Walmart,492.38,2025-01-21 08:55:16.779637
PROD-87186,BestBuy,500.04,2024-12-28 06:03:07.455550
PROD-87186,Newegg,494.24,2024-12-30 03:37:12.460113
PROD-87186,Target,531.72,2025-01-04 01:27:52.890851
PROD-02824,Amazon,2119.01,2025-01-01 14:03:03.598368
PROD-02824,Walmart,2621.79,2024-12-27 22:44:28.481833
PROD-02824,BestBuy,2094.72,2024-12-27 09:24:37.607442
PROD-02824,Newegg,2647.37,2025-01-11 01:48:53.579121
PROD-02824,Target,2628.26,2025-01-19 20:02:35.267694
PROD-76695,Amazon,2281.36,2024-12-27 07:20:00.603446
PROD-76695,Walmart,2002.7,2025-01-01 06:38:02.322376
PROD-76695,BestBuy,1635.84,2025-01-06 17:25:17.920048
PROD-76695,Newegg,1739.03,2025-01-05 21:52:15.217524
PROD-76695,Target,1957.36,2025-01-10 09:10:23.452409
PROD-66016,Amazon,2110.18,2025-01-04 16:26:28.139838
PROD-66016,Walmart,2182.36,2024-12-27 05:53:32.326057
PROD-66016,BestBuy,1866.86,2025-01-14 00:34:24.375753
PROD-66016,Newegg,1762.95,2025-01-21 02:15:37.141824
PROD-66016,Target,1916.91,2025-01-23 03:24:55.152577
PROD-81954,Amazon,3245.0,2025-01-02 23:48:11.728084
PROD-81954,Walmart,3673.02,2025-01-12 02:00:16.713579
PROD-81954,BestBuy,3873.89,2025-01-21 21:29:30.423059
PROD-81954,Newegg,3469.03,2025-01-21 16:04:20.503700
PROD-81954,Target,3130.77,2025-01-16 19:13:51.305154
PROD-02364,Amazon,2544.88,2025-01-12 09:41:25.282560
PROD-02364,Walmart,3531.14,2025-01-17 07:09:41.165464
PROD-02364,BestBuy,3104.65,2025-01-21 00:05:38.637637
PROD-02364,Newegg,3061.5,2025-01-22 23:56:05.711392
PROD-02364,Target,2972.05,2025-01-20 19:49:39.638911
PROD-75878,Amazon,1906.79,2024-12-31 01:15:28.629821
PROD-75878,Walmart,2657.71,2025-01-20 04:06:15.601204
PROD-75878,BestBuy,2127.72,2025-01-02 03:25:48.580742
PROD-75878,Newegg,1983.03,2025-01-24 08:51:41.530419
PROD-75878,Target,2422.6,2025-01-10 12:19:46.390914
PROD-01542,Amazon,995.27,2025-01-02 07:09:47.091777
PROD-01542,Walmart,1008.21,2025-01-19 15:14:49.782693
PROD-01542,BestBuy,1072.76,2025-01-25 03:25:00.952789
PROD-01542,Newegg,1098.19,2025-01-19 02:23:16.226097
PROD-01542,Target,1045.16,2025-01-10 02:34:46.013631
PROD-44410,Amazon,2432.08,2025-01-05 18:52:40.662109
PROD-44410,Walmart,2351.22,2025-01-19 13:55:34.172422
PROD-44410,BestBuy,1859.52,2024-12-31 05:52:17.075730
PROD-44410,Newegg,2476.0,2025-01-05 13:52:22.211353
PROD-44410,Target,2487.06,2025-01-11 19:02:26.716440
PROD-75146,Amazon,555.4,2025-01-09 16:07:08.856604
PROD-75146,Walmart,485.87,2024-12-29 07:29:04.881466
PROD-75146,BestBuy,556.38,2025-01-24 01:27:54.605731
PROD-75146,Newegg,623.83,2024-12-29 03:11:08.550366
PROD-75146,Target,674.05,2024-12-30 06:30:11.349545
PROD-45062,Amazon,1957.47,2024-12-30 10:38:25.992872
PROD-45062,Walmart,1988.03,2025-01-12 23:47:31.793567
PROD-45062,BestBuy,1801.59,2025-01-25 04:19:31.642678
PROD-45062,Newegg,2240.36,2025-01-01 04:26:37.247811
PROD-45062,Target,1972.25,2025-01-25 01:19:22.560022
PROD-53184,Amazon,2025.93,2025-01-05 23:57:06.737549
PROD-53184,Walmart,2354.99,2025-01-01 21:02:42.190489
PROD-53184,BestBuy,2169.27,2024-12-28 23:15:23.199446
PROD-53184,Newegg,2287.01,2025-01-10 14:32:04.738878
PROD-53184,Target,1951.53,2025-01-23 00:12:55.311113
PROD-77756,Amazon,1852.8,2025-01-02 00:53:51.161517
PROD-77756,Walmart,1535.92,2024-12-30 11:20:59.993717
PROD-77756,BestBuy,1886.4,2025-01-13 18:06:59.463294
PROD-77756,Newegg,1474.64,2024-12-26 11:16:35.433063
PROD-77756,Target,1767.67,2025-01-03 11:34:59.455863
PROD-68495,Amazon,711.66,2025-01-07 00:02:27.910282
PROD-68495,Walmart,650.15,2025-01-06 19:03:39.701802
PROD-68495,BestBuy,742.59,2025-01-23 17:18:53.173491
PROD-68495,Newegg,568.87,2025-01-16 06:18:01.314485
PROD-68495,Target,660.29,2025-01-20 02:40:30.330481
PROD-90450,Amazon,607.54,2025-01-16 21:19:49.749925
PROD-90450,Walmart,694.14,2025-01-04 05:11:00.292874
PROD-90450,BestBuy,724.02,2024-12-26 21:04:13.076663
PROD-90450,Newegg,586.45,2025-01-02 22:06:08.534220
PROD-90450,Target,566.69,2025-01-02 22:28:24.655503
PROD-10904,Amazon,2833.87,2025-01-21 16:41:54.786603
PROD-10904,Walmart,2595.66,2025-01-20 14:08:13.096234
PROD-10904,BestBuy,2125.57,2025-01-22 23:00:52.488269
PROD-10904,Newegg,2130.44,2025-01-22 23:04:58.954201
PROD-10904,Target,2193.59,2024-12-27 21:14:31.607335
PROD-58107,Amazon,2248.09,2025-01-09 21:01:38.754591
PROD-58107,Walmart,2226.52,2025-01-01 11:03:39.634958
PROD-58107,BestBuy,2218.69,2025-01-15 05:04:32.975325
PROD-58107,Newegg,2373.92,2025-01-12 06:51:39.658048
PROD-58107,Target,2122.33,2025-01-14 10:00:13.443850
PROD-19922,Amazon,2750.25,2024-12-29 20:28:50.023648
PROD-19922,Walmart,3415.65,2025-01-03 22:03:10.202287
PROD-19922,BestBuy,3134.81,2025-01-07 19:41:44.833972
PROD-19922,Newegg,2836.44,2025-01-07 18:51:32.674486
PROD-19922,Target,3654.2,2025-01-05 22:43:39.046738
PROD-01506,Amazon,2715.8,2024-12-28 13:02:51.487441
PROD-01506,Walmart,2737.63,2025-01-14 07:01:26.041357
PROD-01506,BestBuy,2765.64,2024-12-26 18:25:30.399072
PROD-01506,Newegg,2085.48,2025-01-09 06:29:02.315085
PROD-01506,Target,2417.79,2024-12-29 08:37:22.710348
PROD-78911,Amazon,1068.61,2025-01-04 04:35:04.974078
PROD-78911,Walmart,1017.12,2025-01-06 15:55:49.519320
PROD-78911,BestBuy,1029.8,2025-01-20 09:42:44.827674
PROD-78911,Newegg,1091.79,2025-01-19 10:27:25.164799
PROD-78911,Target,1008.79,2025-01-22 18:26:08.922350
PROD-91030,Amazon,2413.4,2025-01-09 06:12:25.271682
PROD-91030,Walmart,2340.73,2024-12-29 16:30:35.931291
PROD-91030,BestBuy,2388.72,2025-01-04 15:29:46.873809
PROD-91030,Newegg,2077.33,2025-01-13 13:27:21.530959
PROD-91030,Target,2049.82,2024-12-26 17:17:47.255254
PROD-70713,Amazon,3311.4,2025-01-14 23:37:21.515371
PROD-70713,Walmart,3119.62,2024-12-30 12:40:18.371250
PROD-70713,BestBuy,3025.46,2024-12-29 02:55:41.883325
PROD-70713,Newegg,3318.17,2025-01-02 13:28:08.839941
PROD-70713,Target,3405.7,2024-12-27 16:04:49.161845
PROD-39049,Amazon,1410.12,2025-01-12 15:46:45.659275
PROD-39049,Walmart,1274.9,2024-12-26 16:39:40.668018
PROD-39049,BestBuy,1252.87,2025-01-04 16:47:37.812532
PROD-39049,Newegg,1522.64,2025-01-13 01:48:42.268632
PROD-39049,Target,1532.4,2025-01-06 10:54:05.147254
PROD-71797,Amazon,2988.05,2025-01-20 00:08:13.896948
PROD-71797,Walmart,3745.55,2025-01-04 03:13:20.466011
PROD-71797,BestBuy,3835.24,2025-01-05 23:06:30.297678
PROD-71797,Newegg,2796.3,2025-01-25 04:45:07.126275
PROD-71797,Target,3685.38,2025-01-03 06:10:29.982285
PROD-75389,Amazon,695.68,2025-01-18 08:58:24.395378
PROD-75389,Walmart,951.66,2024-12-30 10:34:31.535612
PROD-75389,BestBuy,941.67,2025-01-18 01:33:17.472547
PROD-75389,Newegg,999.59,2025-01-04 15:00:07.821321
PROD-75389,Target,698.16,2025-01-06 22:49:31.862763
PROD-36210,Amazon,1820.57,2025-01-11 23:15:47.874057
PROD-36210,Walmart,1599.98,2025-01-21 09:12:23.431509
PROD-36210,BestBuy,1934.9,2025-01-16 19:48:40.720799
PROD-36210,Newegg,1450.99,2025-01-09 01:24:07.169973
PROD-36210,Target,1566.48,2025-01-23 09:59:37.291108
PROD-72698,Amazon,2391.21,2025-01-06 17:56:38.077533
PROD-72698,Walmart,1707.01,2025-01-01 11:23:22.886979
PROD-72698,BestBuy,1711.47,2025-01-10 08:28:06.747723
PROD-72698,Newegg,1753.91,2024-12-31 09:44:12.553399
PROD-72698,Target,1706.69,2024-12-28 18:37:35.389035
PROD-60315,Amazon,880.02,2024-12-31 16:58:20.457173
PROD-60315,Walmart,810.15,2025-01-24 04:27:18.999020
PROD-60315,BestBuy,1028.04,2025-01-07 10:16:27.668975
PROD-60315,Newegg,950.19,2025-01-13 22:01:19.529660
PROD-60315,Target,925.66,2025-01-13 19:57:31.225600
PROD-99549,Amazon,3171.7,2025-01-19 05:35:02.915399
PROD-99549,Walmart,3156.08,2025-01-01 21:21:00.609435
PROD-99549,BestBuy,3872.06,2024-12-27 04:28:33.136931
PROD-99549,Newegg,3650.03,2025-01-05 05:22:04.532312
PROD-99549,Target,3441.33,2025-01-22 16:59:30.010366
PROD-46666,Amazon,724.08,2025-01-09 16:06:47.021811
PROD-46666,Walmart,854.43,2025-01-18 10:32:17.530334
PROD-46666,BestBuy,872.54,2025-01-10 01:49:52.980771
PROD-46666,Newegg,684.3,2025-01-02 17:07:46.599734
PROD-46666,Target,832.1,2025-01-01 01:59:46.483039
PROD-22934,Amazon,1239.99,2025-01-21 07:09:01.404679
PROD-22934,Walmart,1510.42,2025-01-24 16:47:01.156548
PROD-22934,BestBuy,1445.36,2025-01-07 16:21:46.545954
PROD-22934,Newegg,1281.54,2025-01-04 15:18:21.391065
PROD-22934,Target,1493.42,2025-01-17 05:35:37.013106
PROD-64443,Amazon,1676.88,2024-12-26 13:43:23.910972
PROD-64443,Walmart,1451.79,2024-12-30 20:14:53.242090
PROD-64443,BestBuy,1679.13,2025-01-09 13:38:03.024849
PROD-64443,Newegg,1535.37,2025-01-19 02:14:17.167452
PROD-64443,Target,1387.94,2025-01-24 17:29:00.414791
PROD-79921,Amazon,1672.49,2024-12-27 10:34:47.114785
PROD-79921,Walmart,1370.26,2025-01-07 04:33:57.389221
PROD-79921,BestBuy,1681.93,2024-12-30 03:55:33.932388
PROD-79921,Newegg,1560.32,2024-12-31 14:58:32.006344
PROD-79921,Target,1454.8,2025-01-04 17:15:21.862442
PROD-43131,Amazon,2187.12,2025-01-15 23:00:50.010827
PROD-43131,Walmart,2248.47,2025-01-23 05:07:59.144937
PROD-43131,BestBuy,2520.29,2025-01-12 19:51:19.115364
PROD-43131,Newegg,2478.51,2025-01-19 13:05:47.028400
PROD-43131,Target,2341.24,2025-01-03 16:10:17.766975
PROD-07715,Amazon,2349.27,2025-01-04 23:57:23.867845
PROD-07715,Walmart,2557.58,2024-12-30 21:06:50.818759
PROD-07715,BestBuy,2344.24,2025-01-08 02:19:23.024280
PROD-07715,Newegg,2115.3,2025-01-09 09:01:25.938665
PROD-07715,Target,2124.51,2025-01-09 05:10:55.962927
PROD-28084,Amazon,4631.88,2024-12-30 10:11:27.239893
PROD-28084,Walmart,4868.98,2025-01-24 01:46:07.455151
PROD-28084,BestBuy,3801.07,2024-12-31 18:50:19.390686
PROD-28084,Newegg,4537.26,2025-01-16 04:16:13.421380
PROD-28084,Target,3548.96,2025-01-05 23:18:37.929243
PROD-46936,Amazon,2240.33,2025-01-11 02:01:12.862923
PROD-46936,Walmart,2016.53,2025-01-12 22:31:00.310909
PROD-46936,BestBuy,2414.24,2025-01-13 03:59:25.022097
PROD-46936,Newegg,2015.38,2025-01-24 04:26:42.358601
PROD-46936,Target,2728.05,2025-01-11 11:46:13.413490
PROD-55276,Amazon,3153.77,2025-01-16 15:40:43.373002
PROD-55276,Walmart,3271.23,2025-01-22 10:47:02.065582
PROD-55276,BestBuy,3714.93,2025-01-14 13:09:56.991793
PROD-55276,Newegg,3190.57,2024-12-28 15:55:26.255691
PROD-55276,Target,3956.49,2025-01-17 03:40:23.806893
PROD-34739,Amazon,633.03,2025-01-23 18:06:55.277630
PROD-34739,Walmart,520.14,2025-01-06 16:40:43.498565
PROD-34739,BestBuy,722.75,2025-01-11 01:29:16.850649
PROD-34739,Newegg,564.1,2024-12-31 04:24:27.080499
PROD-34739,Target,704.37,2025-01-03 07:27:22.743840
PROD-58283,Amazon,2094.84,2025-01-02 05:29:24.096383
PROD-58283,Walmart,2000.0,2024-12-31 04:54:31.253143
PROD-58283,BestBuy,2131.57,2025-01-15 22:17:37.127825
PROD-58283,Newegg,2083.79,2025-01-10 19:35:52.820979
PROD-58283,Target,1765.31,2025-01-08 06:38:58.427823
PROD-89242,Amazon,286.07,2025-01-17 13:07:44.816804
PROD-89242,Walmart,348.68,2025-01-14 08:29:12.892754
PROD-89242,BestBuy,345.41,2025-01-02 08:10:18.049220
PROD-89242,Newegg,389.16,2025-01-02 19:37:13.429708
PROD-89242,Target,270.4,2025-01-25 00:20:55.121759
PROD-39549,Amazon,2600.51,2025-01-01 16:52:00.332092
PROD-39549,Walmart,2510.88,2025-01-22 19:55:14.791921
PROD-39549,BestBuy,2351.11,2025-01-09 10:55:41.672333
PROD-39549,Newegg,3325.59,2025-01-03 12:50:14.780545
PROD-39549,Target,3287.59,2025-01-21 12:10:20.561443
PROD-31182,Amazon,3324.62,2025-01-01 03:09:10.542237
PROD-31182,Walmart,3223.86,2025-01-12 20:11:48.114636
PROD-31182,BestBuy,2793.19,2025-01-03 20:27:51.943574
PROD-31182,Newegg,3570.01,2025-01-13 13:22:15.334867
PROD-31182,Target,3192.64,2024-12-30 20:38:55.178392
PROD-56628,Amazon,676.13,2025-01-06 11:51:39.100170
PROD-56628,Walmart,603.08,2024-12-31 19:34:48.344758
PROD-56628,BestBuy,745.97,2024-12-28 02:33:03.000556
PROD-56628,Newegg,699.54,2024-12-29 22:45:32.029677
PROD-56628,Target,593.04,2024-12-26 23:53:03.618471
PROD-39680,Amazon,329.31,2025-01-21 10:51:17.602508
PROD-39680,Walmart,323.32,2025-01-06 04:15:38.163317
PROD-39680,BestBuy,399.15,2025-01-18 13:14:03.114497
PROD-39680,Newegg,401.43,2025-01-11 21:46:12.994457
PROD-39680,Target,353.09,2025-01-05 10:55:48.611079
PROD-97566,Amazon,2567.34,2025-01-01 22:06:05.643334
PROD-97566,Walmart,1965.12,2025-01-18 14:35:44.616443
PROD-97566,BestBuy,2632.18,2024-12-26 18:31:48.900257
PROD-97566,Newegg,2020.18,2025-01-04 19:07:29.426818
PROD-97566,Target,2446.11,2025-01-18 15:30:34.269889
PROD-65721,Amazon,1888.85,2024-12-27 07:02:02.674933
PROD-65721,Walmart,1606.92,2025-01-13 01:08:41.658000
PROD-65721,BestBuy,1429.49,2025-01-23 17:17:56.019053
PROD-65721,Newegg,1411.55,2025-01-17 12:37:07.615515
PROD-65721,Target,1417.44,2025-01-13 22:18:24.870862
PROD-00053,Amazon,3262.03,2025-01-19 12:38:53.347131
PROD-00053,Walmart,3119.71,2025-01-11 11:49:22.418297
PROD-00053,BestBuy,2797.53,2024-12-31 10:15:03.162032
PROD-00053,Newegg,3630.65,2025-01-18 18:31:27.638806
PROD-00053,Target,2820.93,2025-01-11 05:02:30.252381
PROD-63303,Amazon,800.93,2025-01-12 21:57:38.065461
PROD-63303,Walmart,672.41,2025-01-08 03:03:01.972219
PROD-63303,BestBuy,748.97,2024-12-31 13:38:43.440775
PROD-63303,Newegg,757.14,2025-01-23 22:43:51.533421
PROD-63303,Target,818.58,2024-12-30 18:50:53.842836
PROD-44916,Amazon,3909.31,2025-01-01 21:19:37.672935
PROD-44916,Walmart,3086.86,2025-01-01 23:43:55.340885
PROD-44916,BestBuy,4027.07,2024-12-30 22:23:55.120323
PROD-44916,Newegg,3978.22,2025-01-20 13:50:34.317446
PROD-44916,Target,2838.19,2024-12-31 16:54:12.823353
PROD-09908,Amazon,1419.36,2025-01-01 08:29:53.389034
PROD-09908,Walmart,1692.24,2024-12-30 12:50:25.271442
PROD-09908,BestBuy,1413.57,2025-01-18 09:45:57.044355
PROD-09908,Newegg,1464.16,2024-12-29 08:15:12.218096
PROD-09908,Target,1417.33,2025-01-20 19:13:00.861316
PROD-23865,Amazon,1713.02,2025-01-14 15:07:09.412159
PROD-23865,Walmart,1827.8,2025-01-15 02:10:11.308235
PROD-23865,BestBuy,2157.99,2025-01-19 05:03:34.963719
PROD-23865,Newegg,1941.86,2025-01-08 14:06:50.749539
PROD-23865,Target,1741.33,2025-01-04 12:19:40.929980
PROD-77975,Amazon,2647.56,2025-01-20 01:57:56.275494
PROD-77975,Walmart,2884.83,2024-12-26 17:24:44.059253
PROD-77975,BestBuy,2568.87,2025-01-08 13:37:15.051539
PROD-77975,Newegg,3343.1,2025-01-20 15:06:30.191304
PROD-77975,Target,2456.69,2024-12-31 09:06:15.370311
